tag,name,0
#20GY8V2J9,Reshad,2
#20LUYL88P,SteveWearsPrada,1
#20R9QGCJC,verbatxm,26
#22C0ULLPG,anggia,1
#22C9V9G2L,Asser,4
#22PU8LGV8,PommesHD,2
#22YGVGL9V,MEGA FoRcE,2
#2822JCQ9Y,Dragonborn,2
#289LL8U0V,$KINGAli$,2
#292LQVGP8,SkyNet,20
#298P82JPV,gino 45,2
#299GG89C8,Lᴇᴏᴘᴀʀᴅ Mᴇʜ ᴅɪ,2
#29JCUC9VL,h2o,2
#29JJ8YPC2,SKD,2
#29Q8Y200G,Pixalite,26
#29VPPPCGL,“serden”,2
#2CJPGVLQ2,Harsh (gt)25,34
#2CLCU29VG,VJ,2
#2CPQVLPLQ,"CS'@rt"",,",2
#2CPULL2UP,khall,1
#2CR9J908Q,RuMoN,2
#2CRGV0QYQ,©βISШΔ©™TH9¥,1
#2CYVR82QQ,ᴾᴿᴼシMoнᴅκᴀιғ,2
#2G2YCU0P9,Karuko,36
#2G92U8PPC,karlosse 63,2
#2G9Q0CC20,ilham_sparta,2
#2GQ22RCCG,Hero,12
#2J0JCLQ9G,lukas30,2
#2JL2PY8RR,©вιѕωα©™тн10¥,2
#2JVVCUQUV,✴anta⚡mad✴,2
#2L92RJLPU,Leão de Guerra,2
#2L9QCL2JP,mOndE,2
#2LCRQYVRQ,TESAR,2
#2LP09Y0YR,ستالين,2
#2LPCUCLYR,Eric,12
#2LQ9Y8CUR,kingTzilla,2
#2LRRYLVR2,MR.Z,2
#2LUP28CJV,rizki pratama,1
#2LVCR808U,Gustavo,1
#2LYC2GUG0,blackbird,2
#2P9VYL99G,@B'HIL,2
#2PLC8PCRP,yamada,1
#2PLJPGR0Q,morfowt,6
#2PQR0QVGR,Luke Shaw,1
#2Q2LJGYC,☠️βISШΔᵀᵉʳʳᵒʳ☠️,2
#2Q80CQPY0,القيصر,2
#2R92R2J9J,THE UNDERTAKER,2
#2RG8PQ0U8,[bbw]༺CyRiLL༻,2
#2RJGR00VQ,Lord 《33》,2
#2RPRU029P,المحاربوان3,2
#2RQV9V8C0,Manik Darmadi,2
#2RVPQCUY2,soul,2
#2U9JCRJG,وحش الشرقيه,2
#2UGLV20PU,YOGI ICiwao,2
#2VC800QVC,Graveyard,2
#2VR92U9UP,Saransh,3
#2VUUV2VJ2,Ed,10
#2Y28RR82V,amaday10,2
#2Y9CJGCQY,blank,2
#802YP0JJC,armaan,2
#80UUY8R0C,xClean?x,2
#82C9UC0U9,Hypathios,12
#82GLJC8YQ,Left Pix,20
#82UPCY20P,Deb,2
#82VUU0VQ9,.❤ ❤LOVE❤ ❤.,2
#82Y2P20JG,s.f punk,2
#88G0LLUGV,✌ञाफाऴा ✌,2
#88G82UL9V,Noyon Rahman2,2
#88L8GG9LL,*PX*ZYL4N,2
#88QQJCQRC,ILON'K,2
#88RQ2GG8,MR.TAN,2
#88YULPGP9,°TH10¥MΔSTΣR°™¥,2
#88YVJGJLR,✴anta⚡mad|V✴,2
#89G9Y2V20,✴anta⚡mad||✴,2
#8C8J99QVR,¥CALEBE¥,2
#8CPJP2R8R,Xabir Akash,1
#8CQVJYQG,JOE,2
#8CR0UCVV9,Subhadip,2
#8CVU9RJCL,FIGHTER,2
#8GP88UL8Y,✴anta⚡mad|||✴,2
#8J02VUCJ8,ibne asad,2
#8J2VQV8PQ,Akash Jamiya,2
#8J8J08PQG,M S CHOWDHURY,2
#8JCV8PG28,Chhagalnaiya ❤,2
#8JL9ULR2Q,MIDHUN,2
#8JP2CLJR2,DHONI 7,2
#8JU0GJ0JJ,HASAN,2
#8LJYCRY8V,JouTsen RaiHan,2
#8LQ9YRY8V,mamun,2
#8LR8VL8Q8,GHOST,2
#8P28YGP29,Mei'O Rayleigh,2
#8PRC8J29L,khan neha,2
#8PRV28G2Q,Thor,2
#8PV8JRJC9,Ezio,1
#8Q09VJG2L,⚡حافظ الوعد⚡,2
#8Q2LV0UYQ,Mehedy Maruf,2
#8QP9Y0PJR,Austin,5
#8QYPRYL9C,ken_ken,2
#8RGPLC0VV,¥$★ROBERT★$¥,2
#8RLYCR9YC,sameer,2
#8RR28YU2,Sickno,14
#8RV2P29P8,uitash,2
#8U8LRGG89,War3Star,2
#8UGGRLP8R,DELLE ALLI,2
#8UL8RJRGY,ikhsan_wanugrah,2
#8ULQ8JJGL,Biswa,2
#8UPR8QR89,NATALIO,2
#8V2Y00R99,GULSHAN,2
#8V99QYJUV,Purple Abyss,1
#8VYL2C2G0,طيبين رغم لجروح,2
#8Y90LUVP,Kamiboy,2
#909R0GP8,NauTxz,2
#90GLQR090,DethKiler,2
#90JPVCC0U,Rytzsan,2
#90JVYGPL9,Clenilton0800,2
#90PGGY2Y2,jhake 2,2
#90RPL0LGL,Timmyboy,2
#90U8LQR8L,Ghostrider 9,2
#929L22R08,◀⏪BRB⏩▶,2
#92L8JPY00,Rahul001,2
#92RQUC802,FORHAN,12
#92VQCCJ2C,Rocking Tanmoy,2
#98JY98J2R,charlie,2
#98RGGJVP9,¥Mufly Citra_01,1
#98UYQPRR9,GHOST,1
#98VRRQYVY,*بنوته مزاجيه*,2
#990CG9YQJ,Lusesita,1
#990LG8Q9R,Pixal,40
#99QVGYPQ,wilaby,2
#9C0GJVPJP,ابن الرافدين,1
#9CP9JPRR8,frites,2
#9CQYLRQPR,Nikolai,2
#9CR2CLULU,مهديار يوزباشى,2
#9CVL9YQ2Q,given2325,1
#9G00JJVJL,asoka,2
#9G80G002,nate II,2
#9GCVLJC80,Black Dragon,2
#9GJR9PQPC,FANTOME,2
#9GP9UYJV2,GhOsT RiDeR R.P,2
#9GRLJC9UJ,BenDon,4
#9GVUGCG28,DENFANDER,1
#9J8C8R2J2,Deniz ⚓,2
#9JYGY9PJ,aïche78,2
#9L22C92JL,MEC[[Alstar]]AQ,2
#9L8YCQ9Q2,★NiksoN AnIk★,2
#9LC2R2PG,Skrysis,1
#9LLJ9UCUP,MoDhUMiTa,1
#9P0UGYRC9,B.M.W.,2
#9P0VGQLJP,Cole 2.0,10
#9P22JQPGR,Florin,2
#9PC2U8G98,Bullet,23
#9PG29J29R,Avi,2
#9PJG98QCR,Right Pix,14
#9PP22PVPR,Strider,2
#9PPR2RL8R,sunny swagger,2
#9PQCRCQ8P,DARK KINGDOM,2
#9PULCJV0R,winner,2
#9PUVU290C,مملكة القيصر,2
#9PVQ0LQY9,الاسطوره,2
#9PVQ9RJJG,Salim,2
#9Q0LLV9YC,T'A/KiRaZMeVsiM,2
#9Q8CYRLPQ,Hasñain Ajmal,2
#9QU099VQ8,°ToRPEDo°,2
#9QVL980G9,Dragon king,1
#9R9Q2V99G,⚡مجننهم⚡2,1
#9RJLYU22L,°ToRPEDo°,1
#9RJRPQ8YJ,^^ALemCi4040^^,2
#9RQJQVYG9,!ERAZoRs!,2
#9RR220UL0,yani faraz,2
#9RVLUVR8L,SANIA,2
#9U02R9VUU,IMHOTEP,2
#9U2QLU0U,Goblin Archer,2
#9UCPJQL9,jm,1
#9UPRRUJY8,luke,1
#9UR82YVUR,levy,2
#9UUJRVPR2,jamsheer,2
#9UY2PRYL2,Mr. JoKeR,2
#9UYPVJYQU,NDURUS,2
#9UYRRC89U,FIEND,2
#9UYVRCQJG,jackFROST,2
#9V0GJ2LCU,B I E L ××,2
#9V0P299VP,kartikey,2
#9VGP0J9UP,HENRIQUE.L:-$,1
#9YJ2YUYQV,Brawlee,2
#9YJ8CPGUV,✨RED X✨,2
#9YJG22RLG,DarkPrince,2
#9YRJ88R2J,ANGEL,1
#9YU0CPY98,Flashfloppy,2
#C9RC8CQR,Trowa,2
#CGQCJPCQ,Shark,2
#CPR9YQCQ,guerro X,2
#CQP2RLY0,Mr.D,4
#CRYV8GJQ,KALASH BHILOSA,1
#CV8VV892,Emraahh,2
#G008882U,david,2
#G099YGUG,HomeSlicedToast,22
#G2Q200UC,Unknown 》IK,2
#G9CURLJ,Admiral King,2
#GL9JRQR2,"Drew, And",4
#GPGCC9PG,tank,12
#GVQJRGJL,SGs4_BE,2
#J29RPJYC,PriminiS,2
#J2Y2LY9Q,Tim,2
#J9RGCLGL,Triton,10
#J9V8PJPP,adam917,2
#JCYYY9VY,Blue,40
#JLRJ2GPV,.:.Ahu.:.,14
#JPR8R208,Wayne,2
#JR9RYVLU,Hunter,2
#JRPUVP,Tio_12,2
#JY09C9UJ,Tobias Forge,6
#L00QR0Q29,PØWÉR BØY'$,2
#L0GR9RJ82,No U,9
#L0JV0LQR0,MY5T3RY5M4RT13,8
#L0Q80VRJ2,MAD DOG,4
#L0RG9P299,HANNIBAL,2
#L0RPU2R0Q,SwerdGod,1
#L20J0VL88,€ato,2
#L2222LJLJ,pp3,2
#L22QLGP9J,mine22,2
#L2CYC82CL,Gold flake king,2
#L8CC9JU9P,Anthonette03,2
#L8JQUQ0C9,ZeroTwo⁰⁰²,2
#L8QJ22V0P,ARTISTE,2
#L8R9C28J2,Daddyj17,2
#L8RQJGRG8,wrongc badsha,2
#L8V8Q8LVG,SlversRytzsan,2
#L8VJPV9LV,Roysurani09,2
#L99LY0U9C,Abhishek 3,2
#L9VRRU8VR,silver,1
#LC2Q8UPGP,Anubis,8
#LC8V0GP09,✴️anta⚡madV✴️,1
#LCG88QUGG,*PX*ZYL4N TH8,2
#LCJ088C2,Ossamy,22
#LCJ2PR0UV,RiTire_,2
#LCLYLJ8U8,I_No_Scoped_JFK,1
#LCPYGG002,The Klaus,1
#LCYRRCR8L,CMG3,1
#LCYYCCGYL,§FoxFiire§,2
#LG9G22UGJ,GOD•USOP,2
#LGCG9V9GL,ANTEPLİ4,2
#LGCLQC8PY,ساره,2
#LGGUJVRCJ,ßïg Væł,18
#LJ2R020YY,STSabby9,2
#LJ92JJ8Q,ZARD,18
#LJ9LG8Q00,True Ann,2
#LJCRRPR2U,force_5,2
#LJJL2VQUV,Alsomeme,1
#LJJPJR0PP,ghost red,2
#LJL2YY9J8,pingosw,2
#LJPCQGRJ9,Melek,2
#LJQJP8RP9,JouTsen Reaz,2
#LJRR0CJGQ,clapClapAndDone,2
#LJU0JG9LU,✴️anta⚡madVI✴️,2
#LJUU9U8RP,Piash Roy,2
#LJVCYVPV9,go easy on me,2
#LJY20CVPV,Avatar,2
#LL28GJCP0,Licho_2,1
#LL28JJ0YG,DEEMON,1
#LL929V2YC,eduardossoler,6
#LLC20U2PG,dk,2
#LLG8CPCL8,sujat,2
#LLLUP8J0Y,hunter,2
#LLPUY9QUY,R0ro#!,2
#LLU0JJYJC,Lucinator,2
#LLU0LJ88,aigle royal,2
#LLUV0VVU9,Hell Blaze,2
#LLVJVGVRJ,( P. E. E. K. A,1
#LLY99QLU0,R1,2
#LLYQURYU,AhMaD,2
#LLYQYUPU2,yogi,2
#LP00R8YYV,Ryto,2
#LPJV9YQL9,antepli,2
#LPPQJQYJU,qwertyuiop6,8
#LPQR9GPJV,DRAGON,2
#LPUCRPJYJ,QUEEN,2
#LPUQRGJ8U,drake,2
#LPV2CRY9Y,chand,2
#LPV82GGQR,CHEESE,2
#LPVJJLCU2,mjrm,1
#LPYLJYRG0,ÑØBÎTÂ,2
#LQ29P98VL,Dynamic,4
#LQ2P9VU88,Theo,5
#LQ2YG809J,pritesh hule,2
#LQQVR8CPL,SALLAH ADINE,2
#LQUCPY8R9,MONSTER:),2
#LQUYP8UPU,Rifat,2
#LQY9JPV9Y,FitriArRoyS,2
#LR2V2022P,Talles Nyjah,1
#LR9U2QGLJ,Neick,2
#LRC8VJ9R,AGUS INDRA PB,2
#LRCLVVVGY,Amlimity,2
#LRGJ2JJ2U,Flash_Abdel,1
#LRGRURGQ9,Mr Dronzer,1
#LRQ99C2JU,✴️anta⚡madX✴️,2
#LRUGQY80P,BK1,20
#LRVJYQGLQ,مهدی,2
#LRYYGYP20,Maximus,2
#LU9ULRJJV,HÚLK,2
#LUCVPY92P,tom and jerry,2
#LUGJYCQG,Scarix 92i,2
#LUJVVUQJR,ANTEPLİ2,2
#LULRC2VLC,fury,2
#LULV8PUPL,☠Juba Kesari☠,2
#LUPG0C0PJ,ANTEPLİ3,2
#LUQPQVU9,Samkablam,1
#LUQV2CP0P,عبس,2
#LUULQVLJU,زهرة الجوري,1
#LUUUJ8L2R,Deathtoll2007,2
#LUVUQJUVU,10102020,1
#LV0RQVR2G,ليلى,2
#LV0UC2L0C,tumbless,2
#LV2LVY9GG,寻魂者Mooᴳᵒᵈ,2
#LV2QGCLLY,Thénul,2
#LV892UCG2,M FAHRUL ROJI,2
#LV8V8Y02L,V3nOm,2
#LV92L8QVU,(911) WALED,2
#LV9CQQUR9,FredTime,14
#LV9UYGQ8R,Vigu1606,2
#LVC9YVCYR,mathnerd66,6
#LVGG2LU9V,Ganesh,2
#LVJVR9Y82,Lil ciap,2
#LVL9U90U0,Neng f,2
#LVLQY8RQL,Ragner Reis,2
#LVPVYVYVU,Vinicius,2
#LVQLPCVU9,aimee,2
#LVVCPQQ8J,MAFIA RAYHAN,2
#LVVV9UJGP,RESH,2
#LVY9R20CR,Dry Dream,18
#LYCVQ8GJV,B3ast,2
#LYJQYU8UV,Gius 2.0,2
#LYQLVPR9U,MT BL14,2
#LYY099V8Y,DP 3,2
#LYYQ9J2YJ,Omar Faruq✌,1
#P0R8YY928,Sk anik,2
#P0VQ2V92L,☠️op shubham☠️,2
#P29R0UYJP,Grandma 去,14
#P2P8U9V9G,Roysurani10,2
#P2PJPLC89,Mehedi H. Sumon,2
#P2YL9GC,MaHaDi,2
#P809UL0R9,¥chєtαnⓝⓞⓞⓑ™©,2
#P820J9092,MY JIO,2
#P8820VGYP,Royal Peasant,6
#P8L8P9PC9,A is for Apples,2
#P8UUCPR8U,Parth,4
#P8YJJYLRY,RidhoMers,2
#P99LPYJ9,Wilaby,2
#P9J0V8V2L,Sunny 1,2
#P9QCCPCGR,Roy Surani00,2
#P9VUPU2PC,K I N G,2
#PC8CJVL99,The Tiger,2
#PC9CG0CLP,arul,1
#PCLU08PYY,عاشق تنها,2
#PCPU8Q8GY,ORION,2
#PCUCPGYQQ,✨️princy✨️,2
#PCVRLG0YY,HOSSAIN ALI 7,2
#PG2G29RV0,KaBuS,2
#PGCJL2PQ8,Roy Surani05,2
#PGG28RCP8,Roy surani 01,2
#PGGLCVUJL,ÄjK☢️31,2
#PGPJV9VCJ,Deer,12
#PGQJC002Y,m0ndE,2
#PGVG02YRP,commando,2
#PGY0Q9Q2L,THUNDERPULSE360,10
#PJCPC8280,GAWD,20
#PJLRCCPPL,Mandau_Bejambul,2
#PJQ8RJQV8,*PX*ʳⁱᶜʰᵃʳᵈ,1
#PJQR28QCJ,Roy Surani07,2
#PJURRYYQR,jamnas,1
#PJYJQPL92,king,2
#PL88JVV0G,JARVIS,2
#PL9VLC9RP,o0o_Jerson_o0o,22
#PLCPVVRP,ĞŁÅĎIĂTÖR,2
#PLGQLG9JJ,jonas4L2i,2
#PLP02Q2P,NICK,1
#PLULPGQCG,NIBIRU,2
#PLUPY9RLP,Abdullah ali,2
#PLV2PC8QU,$kull flame,1
#PP0PJGG9P,QUEEN,2
#PP0YP098P,Wolverine,1
#PP2L0LUL9,Collin,12
#PPG9LPUY8,ChRiS BiLLa,2
#PPJJCCRLQ,$$wael$$,2
#PPJPGCQYR,NATURE BOY...,14
#PPJRV9QRY,MUBASHEER TDY,2
#PPQJG9G0V,jeraldlsx,16
#PQ29V988J,gungde,1
#PQ2PG0PLR,momski,2
#PQG8LYJY0,Roy Surani02,2
#PQQQGYCQY,Finki,2
#PQUYY9VY,C.J.Marc Bates,2
#PR8V0LYU2,king lion 2,2
#PRULY0QC9,معك للأبد,2
#PRURV98PR,DUSTU BACHA,2
#PU0GUCPJC,Syckno,4
#PU9UQYJPQ,神様Shubhamop神様,2
#PUCCG908Y,Lucid,18
#PUG90J9P0,فدائي صدام حسين,2
#PUPRQPLPY,likemeornot,2
#PUV02CGU0,Soon ... ✌,2
#PUY9CUGVU,مجنونك (a ),2
#PV2V0LGJV,☠️•TH9•☠️ᵀᵉʳʳᵒʳ,2
#PV8U0LQ08,EAGLE ARTILLERY,2
#PVLQ08VV8,NOYON RAHMAN,2
#PVLQR8R9V,حہسہوٌنہيہ,2
#PVP9PPQCC,ikhsan wanugrah,1
#PY0VR8GY8,...,2
#PY2RPC90P,Roy Surani04,2
#PYPRQQYJR,ALPHA™,2
#PYUUYP8L,Real Bad Donkey,2
#PYYUUG0R0,my city INDIA,2
#Q082V8J28,resa,2
#Q08JVY28,ciap89elyk,2
#Q08YPVC92,سبحان,1
#Q0G20900Q,Raghav,2
#Q0G8JRJJR,yeni,2
#Q0L0VY0PQ,Kismet_27,12
#Q0L2PGVVJ,BlueNxtz,14
#Q0LGPLQU8,COVID-19,2
#Q0QRUPR92,Immortal,1
#Q0QYGJVJ2,Madara◇,1
#Q0R0YV8CC,ƁƦƠƘЄƝ ƧƠƲԼ,2
#Q22PVR0VU,eιηн3ιт | ᴛʜ9 ツ,2
#Q2CJ0GGP9,Royal maratha,2
#Q2G00URP8,jasper ll,2
#Q2LLLPL2L,Tigre,2
#Q2LU9RCC8,JUMBO JUICE,3
#Q2P0LPYC2,siirtli56,2
#Q2RUCY88L,Ice Golem,4
#Q2V2QPQ0P,Fisk,2
#Q809P02JV,Abhishek raja,2
#Q80QR0C22,okmarki10300,2
#Q822L90GU,"anak mamah""""",2
#Q8C9GJQUP,marcos✌,1
#Q8GGLYV9P,وهم,1
#Q8GR8RUR0,legendary-13,1
#Q8P9LGRQL,『ツ』☆MR ZORO,2
#Q8PPPGUQG,Mehdi,2
#Q8VL9YRU,Adil Qtr,2
#Q8VY0QQ9U,JoKeR,1
#Q92JVC9UY,﷼Seiya﷼,2
#Q92YLY08L,Rishabhop1.0,2
#Q9GPQ08Y8,luvly,32
#Q9Q9VGPR,Andi,2
#Q9YU29PJU,king_abu,2
#QGCLV2J0,marleigh,20
#QLPV0GVR,TITAN,2
#QP22J9YY,Xeyrs,2
#QP2LUC009,Designerpog,8
#QP88CYPUQ,ريوان,2
#QPCGUVVQC,Nick v2,2
#QPG9PPC0C,melani,2
#QPJUVYPVL,boy,2
#QPPGRY9VG,jérémy,2
#QPQLY992,Crispy,13
#QPQU0PP0Q,LUCIFER,1
#QPQVQJC29,❤عامر العنزي❤,1
#QPU2CU00C,Cley_Br,1
#QU29PUQ8,Pork_Adobo,16
#QUR022QG,Nicholas Ng,10
#QVRL0V8L,Glitzy_Girl,1
#QY2PJ9RYL,IMOSMAN,2
#QYVGU9RV,rüdigar,1
#RCV08YPR,littlesonshine,44
#RG0YL9CC,dean_winchester,1
#RG8RCPGC,baptistrghost66,2
#RGJ0Q22Q,SALADIN,2
#RVQG2QCY,Taylor,1
#RYC8LYG2,Shadvox,8
#U8CYJ0UY,Tanda Tanya,1
#U9JGLGVU,N̸O̸ M̸E̸R̸C̸Y̸,2
#UGYUR2V9,THE DARK VENOM,6
#ULUPJ9G0,™BOSS CONNECT™,2
#V8CGV9GP,E.N.D,2
#V9QVRPQG,hustle Big Gang,2
#VYY2PCJJ,Darth,2
#Y0J8PCCYG,Holibaba,2
#Y0LJG220R,"""jack@sparrow""",2
#Y0QV999G,TheXGamers,12
#Y22VQ9Q99,★Queen✌,2
#Y29R0P0L,claw23,1
#Y2JUQLUCY,HASIB,2
#Y80QLJVCC,ملك الاساطير,2
#Y8PLUV9CY,Bianconero,2
#Y8QCUUGV,أبوعلي,2
#Y8QUU9CGC,ALBASTI 4446,2
#Y8RU0Q0LC,TL✨F@!Z™✨,1
#Y90GJ2LJC,CMG2,2
#Y9P0RUU0,sillysilas,16
#Y9QCUGLG,Merciless,1
#Y9QG2LC8R,TAVINzx,2
#Y9QRP0PVQ,DAC×ÇrAzyBōy,2
#Y9U0JGJJQ,Zozo19_r,1
#Y9V8LUCLQ,Sloth,2
#Y9YPLLGC,Jambe_jer,2
#YC08PQVJ,★★★Anik Das★★★,2
#YC0JJQP8P,SIRIUS,2
#YCQQR8VUC,Mr.CMG2,2
#YCV2CQ280,GH96,4
#YG08QP2QR,Aᴍɪʀ❤,2
#YGPJL8GQ0,QUEEN,2
#YGPVUP08P,دربست جهنم,2
#YGUJQCQJR,.huh,2
#YJRPG02YR,Kurdo,1
#YJU2LCY8P,LORD_CRAZY,1
#YJYVP9JR0,*PX*ZYL4N TH9,2
#YLG82C9Y2,SLAY DOG,5
#YLRRQQCPU,Mark,10
#YLUGLR2RL,IrishInfant,2
#YLY82GVJ0,robert,2
#YLYYL80JQ,Abhishek choudh,2
#YPG2Q8Q9R,~BaSeeR~,2
#YPJ0VQR2Q,madan,1
#YPUPQ8QRV,CMG,2
#YPV0JUQYU,ゲーワライ,25
#YQ02099RQ,M.ASHIF,1
#YQ9V8R9UR,❤❤TATAI❤❤,1
#YQL02P0PU,Best ✌,2
#YQQJ28QYG,¥śһȗɞһѧṃⓖⓞⓓ™©√,2
#YQR9Y8JQJ,Ha KAN,2
#YQU8PRU0P,DirtyToes,2
#YQVPCLR2V,Dexent Boy,2
#YQYCJGC2Y,boulahcen,1
#YR9VPQJV,Andy,2
#YRCCYYYUY,SHARK,2
#YRRQRJ98L,jamsheer,2
#YU0L09GJG,MelonWater,1
#YU9GLV0VJ,VENOM,2
#YUGQYUR0U,hajtowa,2
#YUJ92QV8Y,Xx_FireWolf_xX,1
#YUQ99RYP,Maxi,2
#YURJLCCR0,Grimbul92i,2
#YV2YJ2QGQ,Hypoxia,1
#YV8JYGYQ2,themagicclan,2
#YV9P9GC0P,/AaRoN\,6
#YVC2GUCLC,Bapi,2
#YVCJCY00C,LE BARBARE 92,2
#YVPPG92U0,MvittRs,2
#YVQ9V9JRL,cepcil ahay,2
#YVR2CYPL9,AllJamSammich,4
#YVRVU0G8J,markrain03,2
#YYGCYPURC,Mr. CMG.,2
#YYLC2CJ20,Kramer,8
#YYP0VJULV,happy,2
#YYVLL2V09,Palo2,2
